title,url
در کمال خونسردی,http://bidgolpublishing.com/Book.aspx?Id=2368
خانم پالفری در کِلِرمانت,http://bidgolpublishing.com/Book.aspx?Id=2359
انجمن زیر شیروانی,http://bidgolpublishing.com/Book.aspx?Id=2355
باخ برای بچه‌ها,http://bidgolpublishing.com/Book.aspx?Id=2354
شرم,http://bidgolpublishing.com/Book.aspx?Id=2352
داستان لوسی گولت,http://bidgolpublishing.com/Book.aspx?Id=2350
زنان فوق‌العاده,http://bidgolpublishing.com/Book.aspx?Id=2348
ماجرای نزاع ایوان ایوانویچ و ایوان نیکیفورویچ,http://bidgolpublishing.com/Book.aspx?Id=2338
ساعت بی‌عقربه,http://bidgolpublishing.com/Book.aspx?Id=2335
روز رهایی,http://bidgolpublishing.com/Book.aspx?Id=2320
دون ژوان,http://bidgolpublishing.com/Book.aspx?Id=2316
فریای هفت جزیره,http://bidgolpublishing.com/Book.aspx?Id=2310
در جست‌وجوی یک پیوند,http://bidgolpublishing.com/Book.aspx?Id=2306
ابیگیل,http://bidgolpublishing.com/Book.aspx?Id=2326
خشم در هارلم,http://bidgolpublishing.com/Book.aspx?Id=2297
بیداری,http://bidgolpublishing.com/Book.aspx?Id=1288
ما,http://bidgolpublishing.com/Book.aspx?Id=1276
ازدواج‌های فیلیپس‌بورگ,http://bidgolpublishing.com/Book.aspx?Id=1266
ترانۀ ایزا,http://bidgolpublishing.com/Book.aspx?Id=1253
آواز کافۀ غم‌بار,http://bidgolpublishing.com/Book.aspx?Id=1249
عصیان,http://bidgolpublishing.com/Book.aspx?Id=1248
خیابان کاتالین,http://bidgolpublishing.com/Book.aspx?Id=1245
دومین بهار,http://bidgolpublishing.com/Book.aspx?Id=1225
تنهایی الیزابت,http://bidgolpublishing.com/Book.aspx?Id=1217
دزد پادگان,http://bidgolpublishing.com/Book.aspx?Id=1213
گزارش به کُمیسر,http://bidgolpublishing.com/Book.aspx?Id=1202
کابوی تحمل‌ناپذیر,http://bidgolpublishing.com/Book.aspx?Id=1198
جزیره,http://bidgolpublishing.com/Book.aspx?Id=1192
در,http://bidgolpublishing.com/Book.aspx?Id=189
کبوتران روی چمن,http://bidgolpublishing.com/Book.aspx?Id=188
مُتل ماه عسل,http://bidgolpublishing.com/Book.aspx?Id=1195
هرج و مرج محض,http://bidgolpublishing.com/Book.aspx?Id=149
حباب معلق,http://bidgolpublishing.com/Book.aspx?Id=138
بی بال و پر,http://bidgolpublishing.com/Book.aspx?Id=91
حالا بی‌حساب شدیم,http://bidgolpublishing.com/Book.aspx?Id=90
عوارض جانبی1,http://bidgolpublishing.com/Book.aspx?Id=42
بن‌بست نویسنده,http://bidgolpublishing.com/Book.aspx?Id=41
مرگ در می‌زند,http://bidgolpublishing.com/Book.aspx?Id=40
مرگ / خدا,http://bidgolpublishing.com/Book.aspx?Id=139
این آب آشامیدنی نیست!,http://bidgolpublishing.com/Book.aspx?Id=43
نیچه، ای پسر بد! / حالا که کمونیسم مرده، زندگی من پوچ شده!,http://bidgolpublishing.com/Book.aspx?Id=1281
لحظه‌هایی ارزشمند از یک آلبوم خانوادگی برای آرامش خاطر تو در سال‌های دراز پیش‌رو,http://bidgolpublishing.com/Book.aspx?Id=1232
پرترۀ یک زن,http://bidgolpublishing.com/Book.aspx?Id=1219
درخواست کار,http://bidgolpublishing.com/Book.aspx?Id=1220
وقتی کبوترها ناپدید شدند,http://bidgolpublishing.com/Book.aspx?Id=1199
مرغ دریایی,http://bidgolpublishing.com/Book.aspx?Id=1191
روشنگری,http://bidgolpublishing.com/Book.aspx?Id=175
اتاق عروس/ سهم زن,http://bidgolpublishing.com/Book.aspx?Id=172
چرخ,http://bidgolpublishing.com/Book.aspx?Id=159
سایکوسیس 4:48,http://bidgolpublishing.com/Book.aspx?Id=160
چشمهایت را ببند و به انگلستان فکر کن,http://bidgolpublishing.com/Book.aspx?Id=130
هملت داگ، مکبث کاهوت,http://bidgolpublishing.com/Book.aspx?Id=105
بودای بزرگ، کمکشان کن!,http://bidgolpublishing.com/Book.aspx?Id=73
بارانداز غربی,http://bidgolpublishing.com/Book.aspx?Id=72
یک ماجرای خیلی خیلی خیلی سیاه,http://bidgolpublishing.com/Book.aspx?Id=187
غرب غم‌زده,http://bidgolpublishing.com/Book.aspx?Id=101
جمجمه‌ای در کانه‌مارا,http://bidgolpublishing.com/Book.aspx?Id=102
مأمورهای اعدام,http://bidgolpublishing.com/Book.aspx?Id=104
مراسم قطع دست در اسپوکن,http://bidgolpublishing.com/Book.aspx?Id=103
یکشنبه/ زندگی خوب,http://bidgolpublishing.com/Book.aspx?Id=77
دام,http://bidgolpublishing.com/Book.aspx?Id=96
تراس / روال عادی,http://bidgolpublishing.com/Book.aspx?Id=127
سوء قصدهایی به زندگی آن زن,http://bidgolpublishing.com/Book.aspx?Id=122
شهادت یا یک کم آسایشی که داریم / فهرست,http://bidgolpublishing.com/Book.aspx?Id=124
ابلوموف,http://bidgolpublishing.com/Book.aspx?Id=126
روزِ مرگ در داستانِ هملت,http://bidgolpublishing.com/Book.aspx?Id=98
نورگیر,http://bidgolpublishing.com/Book.aspx?Id=70
مفیستو برای همیشه,http://bidgolpublishing.com/Book.aspx?Id=129
مکالمه‌هایم با سگ وحشی همسایه، بالا روی بام,http://bidgolpublishing.com/Book.aspx?Id=1224
اتاقِ روشنی که روزش می‌خوانند,http://bidgolpublishing.com/Book.aspx?Id=1194
شکار مرگ,http://bidgolpublishing.com/Book.aspx?Id=181
اتاق ورونیکا,http://bidgolpublishing.com/Book.aspx?Id=79
هوم بادی/ کابل,http://bidgolpublishing.com/Book.aspx?Id=157
شب در رستوران تاک هاس,http://bidgolpublishing.com/Book.aspx?Id=123
عزادار اجیر,http://bidgolpublishing.com/Book.aspx?Id=125
تب,http://bidgolpublishing.com/Book.aspx?Id=146
بیرون از مولینگار,http://bidgolpublishing.com/Book.aspx?Id=33
ریشه سیاه مارینی,http://bidgolpublishing.com/Book.aspx?Id=95
هاروی,http://bidgolpublishing.com/Book.aspx?Id=71
خدای دوزخ,http://bidgolpublishing.com/Book.aspx?Id=106
اثبات,http://bidgolpublishing.com/Book.aspx?Id=107
عمو سام من,http://bidgolpublishing.com/Book.aspx?Id=94
اثر پرتوهای گاما بر روی گل‌های همیشه بهارِ ساکنانِ کرۀ ماه,http://bidgolpublishing.com/Book.aspx?Id=99
اولئانا,http://bidgolpublishing.com/Book.aspx?Id=100
پِر گِنت,http://bidgolpublishing.com/Book.aspx?Id=1246
هدا گابلر,http://bidgolpublishing.com/Book.aspx?Id=1207
عروسک‌خانه,http://bidgolpublishing.com/Book.aspx?Id=178
استاد سولنس معمار,http://bidgolpublishing.com/Book.aspx?Id=162
جان گابریل بورکمان,http://bidgolpublishing.com/Book.aspx?Id=140
وقتی ما مردگان سربرداریم,http://bidgolpublishing.com/Book.aspx?Id=36
روسمرسهولم,http://bidgolpublishing.com/Book.aspx?Id=38
مرغابی وحشی,http://bidgolpublishing.com/Book.aspx?Id=37
دشمن مردم,http://bidgolpublishing.com/Book.aspx?Id=118
آیلف کوچولو,http://bidgolpublishing.com/Book.aspx?Id=117
جن زدگان,http://bidgolpublishing.com/Book.aspx?Id=21
در منطقۀ جنگی و دو نمایشنامۀ دیگر,http://bidgolpublishing.com/Book.aspx?Id=2291
نخستین آدم,http://bidgolpublishing.com/Book.aspx?Id=1228
تارعنکبوت و دو نمایشنامۀ دیگر,http://bidgolpublishing.com/Book.aspx?Id=1197
پیش از ناشتایی و سه نمایشنامۀ دیگر,http://bidgolpublishing.com/Book.aspx?Id=185
تشنگی و دو نمایشنامۀ دیگر,http://bidgolpublishing.com/Book.aspx?Id=180
گوریل پشمالو,http://bidgolpublishing.com/Book.aspx?Id=161
نوعی داستان عاشقانه,http://bidgolpublishing.com/Book.aspx?Id=2325
سقف کلیسای جامع,http://bidgolpublishing.com/Book.aspx?Id=2323
چشم‌اندازی از پل,http://bidgolpublishing.com/Book.aspx?Id=1284
پس از سقوط,http://bidgolpublishing.com/Book.aspx?Id=1275
همه، پسران من,http://bidgolpublishing.com/Book.aspx?Id=1229
مرگ فروشنده,http://bidgolpublishing.com/Book.aspx?Id=1222
مکبت/ بداهه‌گویی آلما,http://bidgolpublishing.com/Book.aspx?Id=2322
آدمکش,http://bidgolpublishing.com/Book.aspx?Id=2290
آوازخوان طاس/ صندلی‌ها,http://bidgolpublishing.com/Book.aspx?Id=1285
شاه می‌میرد,http://bidgolpublishing.com/Book.aspx?Id=1277
عابر هوایی,http://bidgolpublishing.com/Book.aspx?Id=1223
کرگدن,http://bidgolpublishing.com/Book.aspx?Id=1210
فیلم‌جستار,http://bidgolpublishing.com/Book.aspx?Id=2344
نظریۀ فیلم,http://bidgolpublishing.com/Book.aspx?Id=1287
شناخت سینما,http://bidgolpublishing.com/Book.aspx?Id=1268
قدرت فیلم,http://bidgolpublishing.com/Book.aspx?Id=1255
ژانر وحشت,http://bidgolpublishing.com/Book.aspx?Id=1241
موج نوی فرانسه,http://bidgolpublishing.com/Book.aspx?Id=153
شهرها و سینما,http://bidgolpublishing.com/Book.aspx?Id=22
ژانرهای سینمایی,http://bidgolpublishing.com/Book.aspx?Id=31
آنچه سینما هست!,http://bidgolpublishing.com/Book.aspx?Id=32
سینمای فانتزی,http://bidgolpublishing.com/Book.aspx?Id=34
یادداشت هایی در باب سینماتوگرافی,http://bidgolpublishing.com/Book.aspx?Id=35
سینمای اگزیستانسیالیستی,http://bidgolpublishing.com/Book.aspx?Id=109
واپسین عصر طلایی هالیوود,http://bidgolpublishing.com/Book.aspx?Id=142
سینه فیلیا و تاریخ,http://bidgolpublishing.com/Book.aspx?Id=111
از گیم تا فیلم,http://bidgolpublishing.com/Book.aspx?Id=115
به گزارش زنان تروا,http://bidgolpublishing.com/Book.aspx?Id=2362
سفرنامۀ برزخ,http://bidgolpublishing.com/Book.aspx?Id=2312
صدای آهسته,http://bidgolpublishing.com/Book.aspx?Id=1235
رقصی چنین...,http://bidgolpublishing.com/Book.aspx?Id=1212
فرشتۀ تاریخ,http://bidgolpublishing.com/Book.aspx?Id=1208
گزارش خواب,http://bidgolpublishing.com/Book.aspx?Id=1196
بر اساس دوشس ملفی,http://bidgolpublishing.com/Book.aspx?Id=186
ناکجا و دو نمایشنامۀ دیگر,http://bidgolpublishing.com/Book.aspx?Id=179
بازگشت به خان نخست | هشتمین خان,http://bidgolpublishing.com/Book.aspx?Id=165
فعل,http://bidgolpublishing.com/Book.aspx?Id=144
خُرده نسیان,http://bidgolpublishing.com/Book.aspx?Id=1211
پله های یک نردبان,http://bidgolpublishing.com/Book.aspx?Id=59
گلدان | بهار و عروسک,http://bidgolpublishing.com/Book.aspx?Id=60
چوب زیر بغل | دو ضرب در دو مساوی بی‌نهایت,http://bidgolpublishing.com/Book.aspx?Id=58
صدای شکستن,http://bidgolpublishing.com/Book.aspx?Id=56
آرامسایشگاه,http://bidgolpublishing.com/Book.aspx?Id=61
موش,http://bidgolpublishing.com/Book.aspx?Id=121
هنر هویت و سیاست بازنمایی,http://bidgolpublishing.com/Book.aspx?Id=80
پنجاه نویسندۀ کلیدی عکاسی,http://bidgolpublishing.com/Book.aspx?Id=2289
دست روی شانه,http://bidgolpublishing.com/Book.aspx?Id=2324
نه فقط زیبا,http://bidgolpublishing.com/Book.aspx?Id=1263
نگاهم کن! خیالم کن!,http://bidgolpublishing.com/Book.aspx?Id=76
شب سپیده می‌زند، باری دیگر,http://bidgolpublishing.com/Book.aspx?Id=78
شب سپیده می‌زند,http://bidgolpublishing.com/Book.aspx?Id=81
عکس و دیدن عکس,http://bidgolpublishing.com/Book.aspx?Id=82
در جهت عکس,http://bidgolpublishing.com/Book.aspx?Id=116
لورکا,http://bidgolpublishing.com/Book.aspx?Id=1206
صبح روان,http://bidgolpublishing.com/Book.aspx?Id=163
زمرد و حمله,http://bidgolpublishing.com/Book.aspx?Id=164
دیدن,http://bidgolpublishing.com/Book.aspx?Id=75
مستغلات,http://bidgolpublishing.com/Book.aspx?Id=88
اشراقها,http://bidgolpublishing.com/Book.aspx?Id=87
حلاج الأسرار,http://bidgolpublishing.com/Book.aspx?Id=86
بهانه‌های مأنوس,http://bidgolpublishing.com/Book.aspx?Id=83
دره‌ی علف هزار رنگ,http://bidgolpublishing.com/Book.aspx?Id=85
جوانی‌ها,http://bidgolpublishing.com/Book.aspx?Id=89
نیت خیر,http://bidgolpublishing.com/Book.aspx?Id=84
دست آخر,http://bidgolpublishing.com/Book.aspx?Id=1258
دوازده قطعه کوتاه,http://bidgolpublishing.com/Book.aspx?Id=1214
در انتظار گودو,http://bidgolpublishing.com/Book.aspx?Id=93
واتسلاو,http://bidgolpublishing.com/Book.aspx?Id=128
شهاب ثاقب,http://bidgolpublishing.com/Book.aspx?Id=92
خیاط,http://bidgolpublishing.com/Book.aspx?Id=113
تک‌گویی‌های مدرن برای زنان,http://bidgolpublishing.com/Book.aspx?Id=1215
تک‌گویی‌های کلاسیک برای مردان,http://bidgolpublishing.com/Book.aspx?Id=1201
تک‌گویی‌های مدرن برای مردان,http://bidgolpublishing.com/Book.aspx?Id=108
تک‌گویی‌های کلاسیک برای زنان,http://bidgolpublishing.com/Book.aspx?Id=152
نمایش خلاق,http://bidgolpublishing.com/Book.aspx?Id=2367
ساختن تئاتر از دل ویرانه‌ها,http://bidgolpublishing.com/Book.aspx?Id=2300
حرفۀ کارگردان,http://bidgolpublishing.com/Book.aspx?Id=1279
سه کاربرد چاقو,http://bidgolpublishing.com/Book.aspx?Id=1239
شیوۀ فنی نمایشنامه‌خوانی,http://bidgolpublishing.com/Book.aspx?Id=1238
130 نکته در باب کارگردانی,http://bidgolpublishing.com/Book.aspx?Id=190
بازی ـ بازیگری,http://bidgolpublishing.com/Book.aspx?Id=147
استانیسلاوسکی,http://bidgolpublishing.com/Book.aspx?Id=2345
ضرورت تئاتر,http://bidgolpublishing.com/Book.aspx?Id=2318
با چراغ در آینه‌های قناس,http://bidgolpublishing.com/Book.aspx?Id=2295
هملت: شعر بی‌کران,http://bidgolpublishing.com/Book.aspx?Id=1280
درام اسلامی,http://bidgolpublishing.com/Book.aspx?Id=1259
مرگ تراژدی,http://bidgolpublishing.com/Book.aspx?Id=1261
فلسفه و تئاتر,http://bidgolpublishing.com/Book.aspx?Id=1257
چشم‌انداز طبیعی,http://bidgolpublishing.com/Book.aspx?Id=1233
جنسیت رزالیند,http://bidgolpublishing.com/Book.aspx?Id=184
زیبایی‌شناسی نمایشی ژان ژنه,http://bidgolpublishing.com/Book.aspx?Id=174
در باب بداهه پردازی,http://bidgolpublishing.com/Book.aspx?Id=171
تمرین های تئاتر فمینیستی: کتاب راهنما,http://bidgolpublishing.com/Book.aspx?Id=170
به صحنه بردن فلسفه,http://bidgolpublishing.com/Book.aspx?Id=155
عروسک، ماسک و اشیای نمایشی,http://bidgolpublishing.com/Book.aspx?Id=133
تآتر پارسی، نمایش ایرانی,http://bidgolpublishing.com/Book.aspx?Id=114
شکسپیر معاصر ما,http://bidgolpublishing.com/Book.aspx?Id=52
پنجاه کارگردان کلیدی تئاتر,http://bidgolpublishing.com/Book.aspx?Id=25
با گروتفسکی: تئاتر فقط یک فرم است,http://bidgolpublishing.com/Book.aspx?Id=63
تاریخ های تئاتر: یک مقدمه,http://bidgolpublishing.com/Book.aspx?Id=119
تنفس در هوای تئاتر,http://bidgolpublishing.com/Book.aspx?Id=137
تئاتر مستند,http://bidgolpublishing.com/Book.aspx?Id=49
تئاتر قانونگذار,http://bidgolpublishing.com/Book.aspx?Id=141
ویوپوینت,http://bidgolpublishing.com/Book.aspx?Id=53
دراماتورژی چیست؟ دراماتورژ کیست؟,http://bidgolpublishing.com/Book.aspx?Id=55
نامتناهی‌سازی سیاست در آیین‌های نمایشی,http://bidgolpublishing.com/Book.aspx?Id=62
رویکردهایی به نظریۀ اجرا,http://bidgolpublishing.com/Book.aspx?Id=131
فرزندان هراکلس,http://bidgolpublishing.com/Book.aspx?Id=2346
زنان فریادخواه,http://bidgolpublishing.com/Book.aspx?Id=2309
اورستس,http://bidgolpublishing.com/Book.aspx?Id=2296
سیکلوپس,http://bidgolpublishing.com/Book.aspx?Id=1262
زنان فنیقی,http://bidgolpublishing.com/Book.aspx?Id=1226
مده‌آ,http://bidgolpublishing.com/Book.aspx?Id=156
زنان تروا,http://bidgolpublishing.com/Book.aspx?Id=143
الکترا,http://bidgolpublishing.com/Book.aspx?Id=74
وُیتْسِک / نظامیان,http://bidgolpublishing.com/Book.aspx?Id=2347
دروغگو,http://bidgolpublishing.com/Book.aspx?Id=151
بیوه زیرک,http://bidgolpublishing.com/Book.aspx?Id=134
کیمیاگر,http://bidgolpublishing.com/Book.aspx?Id=97
فیلمنامه‌نویسی برای پُرمشغله‌ها,http://bidgolpublishing.com/Book.aspx?Id=1251
نوشتن با تنفس آغاز می‌شود,http://bidgolpublishing.com/Book.aspx?Id=48
راهنمای عملی نمایشنامه‌نویسی,http://bidgolpublishing.com/Book.aspx?Id=47
در باب قتل,http://bidgolpublishing.com/Book.aspx?Id=2353
مرگ و میل,http://bidgolpublishing.com/Book.aspx?Id=2327
کنش‌پذیری ریشه‌ای,http://bidgolpublishing.com/Book.aspx?Id=2319
حد و مرزهای هنر,http://bidgolpublishing.com/Book.aspx?Id=1286
بدن تکه‌تکه‌شده,http://bidgolpublishing.com/Book.aspx?Id=1278
چرا شد محو از یادِ تو نامم؟,http://bidgolpublishing.com/Book.aspx?Id=1267
فانی و باقی,http://bidgolpublishing.com/Book.aspx?Id=1264
قدرت زندگی,http://bidgolpublishing.com/Book.aspx?Id=1256
ایدئولوژی زیبایی‌شناسی,http://bidgolpublishing.com/Book.aspx?Id=1204
زمانی که باقی می‌ماند,http://bidgolpublishing.com/Book.aspx?Id=1190
کافکا: به سوی ادبیات اقلیت,http://bidgolpublishing.com/Book.aspx?Id=169
درباره‌ی عکاسی,http://bidgolpublishing.com/Book.aspx?Id=158
پانن‌برگ: الهیات تاریخی,http://bidgolpublishing.com/Book.aspx?Id=154
ساختار روان شناختی فاشیسم,http://bidgolpublishing.com/Book.aspx?Id=150
این قرن,http://bidgolpublishing.com/Book.aspx?Id=26
لذت خیانت,http://bidgolpublishing.com/Book.aspx?Id=66
شعر مدرن,http://bidgolpublishing.com/Book.aspx?Id=45
باقی مانده های آشویتس,http://bidgolpublishing.com/Book.aspx?Id=136
تاریخ طبیعی زوال,http://bidgolpublishing.com/Book.aspx?Id=135
بازیابی امر محسوس,http://bidgolpublishing.com/Book.aspx?Id=120
گایاتری چاکراورتی اسپیواک,http://bidgolpublishing.com/Book.aspx?Id=50
نام‌های سیاست,http://bidgolpublishing.com/Book.aspx?Id=51
فهم برشت,http://bidgolpublishing.com/Book.aspx?Id=46
علیه تفسیر,http://bidgolpublishing.com/Book.aspx?Id=44
عقل ساد,http://bidgolpublishing.com/Book.aspx?Id=39
نقادیِ نقدِ عقلِ محض,http://bidgolpublishing.com/Book.aspx?Id=54
ملخک,http://bidgolpublishing.com/Book.aspx?Id=2361
امید,http://bidgolpublishing.com/Book.aspx?Id=2360
به یاد دار,http://bidgolpublishing.com/Book.aspx?Id=2358
آدمی همان است که می‌خواند,http://bidgolpublishing.com/Book.aspx?Id=2356
افسانۀ فردگرایی,http://bidgolpublishing.com/Book.aspx?Id=2351
همه‌چیز دربارۀ خانه,http://bidgolpublishing.com/Book.aspx?Id=2336
برای عشق به میهن,http://bidgolpublishing.com/Book.aspx?Id=2337
زیر تیغ ستارۀ جبار,http://bidgolpublishing.com/Book.aspx?Id=1289
این جهان گذرا,http://bidgolpublishing.com/Book.aspx?Id=1260
نیلوفر و مرداب,http://bidgolpublishing.com/Book.aspx?Id=1252
جهان مکتوب,http://bidgolpublishing.com/Book.aspx?Id=1250
پرنده به پرنده,http://bidgolpublishing.com/Book.aspx?Id=1236
ذهنِ ذن، ذهن آغازگر,http://bidgolpublishing.com/Book.aspx?Id=1216
کوسۀ شکم‌پرِ ۱۲ میلیون دلاری,http://bidgolpublishing.com/Book.aspx?Id=1203
جهان چگونه مدرن شد؟,http://bidgolpublishing.com/Book.aspx?Id=1200
دربارۀ ترجمه,http://bidgolpublishing.com/Book.aspx?Id=2342
صید ماهی بزرگ,http://bidgolpublishing.com/Book.aspx?Id=148
پوپولیسم چیست؟,http://bidgolpublishing.com/Book.aspx?Id=145
عشق و آگوستین قدیس,http://bidgolpublishing.com/Book.aspx?Id=2313
نامه‌هایی در تربیت زیبایی‌شناختی انسان,http://bidgolpublishing.com/Book.aspx?Id=2298
نخستین دموکراسی,http://bidgolpublishing.com/Book.aspx?Id=132
ذهن و بازار,http://bidgolpublishing.com/Book.aspx?Id=27
بیماری منتهی به مرگ,http://bidgolpublishing.com/Book.aspx?Id=2292
14,http://bidgolpublishing.com/Book.aspx?Id=2321
قرنها بگذشت,http://bidgolpublishing.com/Book.aspx?Id=2293
دهه‌ی 40 و مشق‌های دیگر,http://bidgolpublishing.com/Book.aspx?Id=1234
سوگ,http://bidgolpublishing.com/Book.aspx?Id=2369
سرگذشت تنهایی,http://bidgolpublishing.com/Book.aspx?Id=2366
در باب شجاعت,http://bidgolpublishing.com/Book.aspx?Id=2349
حسرت,http://bidgolpublishing.com/Book.aspx?Id=2343
در باب انتظار,http://bidgolpublishing.com/Book.aspx?Id=2307
شیرین نشاط,http://bidgolpublishing.com/Book.aspx?Id=2311
رضا قاسمی,http://bidgolpublishing.com/Book.aspx?Id=2299
جان‌های بیمار، ذهن‌های سرحال,http://bidgolpublishing.com/Book.aspx?Id=1283
سوسن تسلیمی,http://bidgolpublishing.com/Book.aspx?Id=1282
